
{"AW": [-69.9826771125, 12.5208803838], "AF": [66.0047336558, 33.8352307278], "AO": [17.5373676815, -12.2933605438], "AI": [-63.0649892654, 18.2239595023], "AL": [20.0498339611, 41.1424498947], "AX": [19.953287676, 60.2148868756], "AD": [1.56054377918, 42.5422910219], "AE": [54.3001671016, 23.9052818785], "AR": [-65.179806925, -35.3813487953], "AM": [44.9299327564, 40.2895256919], "AS": [-170.718025746, -14.3044599708], "AQ": [19.9210895122, -80.5085791311], "-99": [46.251983951, 9.73345496311], "TF": [69.2266675845, -49.2489548494], "AG": [-61.794693427, 17.2774995986], "AU": [134.491000082, -25.7328870417], "AT": [14.1264760996, 47.585494392], "AZ": [47.5459987892, 40.2882723471], "BI": [29.8751215645, -3.35939665747], "BE": [4.64065113918, 50.6398157556], "BJ": [2.32785254449, 9.64175970225], "BF": [-1.75456600914, 12.2695384574], "BD": [90.2381274323, 23.86731158], "BG": [25.2155290863, 42.7689031797], "BH": [50.5419693232, 26.0420513477], "CA": [-98.3077702819, 61.3620632437], "BS": [-76.6284303802, 24.2903670223], "BA": [17.7687673323, 44.1745012472], "BL": [-62.8406777884, 17.8988045112], "BY": [28.0320930703, 53.5313137685], "BZ": [-88.7101048564, 17.2002750902], "BM": [-64.7545588982, 32.3136780208], "BO": [-64.6853864515, -16.7081478725], "BR": [-53.0978311267, -10.7877770246], "BB": [-59.5597970021, 13.1814542822], "BN": [114.722030354, 4.51968957503], "BT": [90.4018815525, 27.4110658858], "BW": [23.7985336773, -22.1840321328], "CF": [20.4682683098, 6.56823297048], "CH": [8.20867470615, 46.7978587836], "CL": [-71.3825621318, -37.730709893], "CN": [103.81907349, 36.5617654559], "CI": [-5.5692156998, 7.62842620235], "CM": [12.7396415575, 5.69109848986], "CD": [23.643961066, -2.8774628897], "CG": [15.2196576195, -0.837874631184], "CK": [-159.787242185, -21.2192728815], "CO": [-73.0811458241, 3.91383430725], "KM": [43.6825396848, -11.8778344355], "CV": [-23.9598882026, 15.9552332421], "CR": [-84.1920876775, 9.9763446384], "CU": [-79.0160538445, 21.6228952793], "CW": [-68.971193688, 12.1955167546], "KY": [-80.9121332147, 19.4289649722], "CY": [33.0060021957, 34.916672112], "CZ": [15.3124016281, 49.7334123295], "DE": [10.385780508, 51.1069818075], "DJ": [42.5606754026, 11.7487180559], "DM": [-61.3577259987, 15.4394702029], "DK": [10.0280099191, 55.9812529593], "DO": [-70.5056889612, 18.8943308233], "DZ": [2.6173230092, 28.1589384945], "EC": [-78.752019225, -1.42381612488], "EG": [29.8619009908, 26.4959331064], "ER": [38.8461701125, 15.361866184], "ES": [-3.64755047323, 40.2444869811], "EE": [25.5424853656, 58.6719297173], "ET": [39.6008009763, 8.6227867931], "FI": [26.2746656042, 64.4988460349], "FJ": [165.451954318, -17.4285803175], "FK": [-59.35238956, -51.7448395441], "FR": [-2.76172944519, 42.1734401107], "FO": [-6.88095423426, 62.0538540321], "FM": [153.239437922, 7.45246813659], "GA": [11.7886286968, -0.586600249551], "GB": [-2.86563164084, 54.1238715577], "GE": [43.50780252, 42.1685575537], "GG": [-2.57239063555, 49.4680976128], "GH": [-1.21676565807, 7.95345643541], "GN": [-10.9406661161, 10.4362159331], "GM": [-15.3960129463, 13.4496524352], "GW": [-14.9497244459, 12.0474494815], "GQ": [10.3413792389, 1.70555135464], "GR": [22.9555579369, 39.0746962307], "GD": [-61.6822018889, 12.1172504395], "GL": [-41.34191127, 74.7105128864], "GT": [-90.3648200858, 15.694036635], "GU": [144.76791022, 13.441656257], "GY": [-58.9820245893, 4.79378034012], "HK": [114.113804542, 22.3982773723], "HM": [73.5205171004, -53.0872465618], "HN": [-86.6151660963, 14.8268816519], "HR": [16.404128994, 45.0804763057], "HT": [-72.6852750899, 18.9350256343], "HU": [19.3955911607, 47.1627750614], "ID": [117.240113662, -2.21505456346], "IM": [-4.53873952326, 54.2241891077], "IN": [79.6119761026, 22.8857821183], "IO": [72.4454122854, -7.33059750749], "IE": [-8.13793568667, 53.175448704], "IR": [54.2740700448, 32.575032915], "IQ": [43.7435314888, 33.0397058232], "IS": [-18.5739616708, 64.9957538607], "IL": [35.0044469277, 31.4611010118], "IT": [12.0700133907, 42.796626414], "JM": [-77.3148259327, 18.1569487765], "JE": [-2.12689937944, 49.2183737668], "JO": [36.7713610402, 31.2457909121], "JP": [138.030895577, 37.592301353], "KZ": [67.2914935687, 48.1568806661], "KE": [37.7959397293, 0.599880215445], "KG": [74.5416551329, 41.4622194346], "KH": [104.906943249, 12.7200478567], "KI": [-45.6111051329, 0.86001503171], "KN": [-62.6875526496, 17.2645995047], "KR": [127.839160864, 36.3852398347], "KW": [47.5870045889, 29.3343126157], "LA": [103.73772412, 18.5021743316], "LB": [35.880160715, 33.9230663057], "LR": [-9.3220757269, 6.45278491657], "LY": [18.0086616872, 27.0309449491], "LC": [-60.9696992253, 13.8947948145], "LI": [9.53574311779, 47.1366583545], "LK": [80.7010823782, 7.61266509224], "LS": [28.2272313098, -29.5800318833], "LT": [23.8871935548, 55.3261098445], "LU": [6.07182201066, 49.7672536068], "LV": [24.9123598332, 56.8508516268], "MO": [113.509321162, 22.2231168835], "MF": [-63.0597285144, 18.0888861095], "MA": [-8.45615794798, 29.8376295469], "MC": [7.40627676856, 43.7527462672], "MD": [28.4567337241, 47.1949880442], "MG": [46.7047367428, -19.3718958677], "MV": [73.4571300419, 3.72870919988], "MX": [-102.523451692, 23.9475372406], "MH": [170.339761224, 7.00376358315], "MK": [21.6821134607, 41.5953089336], "ML": [-3.54269064851, 17.3458158135], "MT": [14.4052331643, 35.9214963221], "MM": [96.4884332104, 21.1856659927], "ME": [19.2388393925, 42.7889025929], "MN": [103.052997649, 46.8268154394], "MP": [145.619696513, 15.8292756277], "MZ": [35.5336754259, -17.2738164259], "MR": [-10.3477981455, 20.257367056], "MS": [-62.1851854562, 16.7394140553], "MU": [57.5712055061, -20.2776870433], "MW": [34.2893559871, -13.2180808806], "MY": [109.697622843, 3.78986845571], "NA": [17.209635667, -22.1303256842], "NC": [165.684923735, -21.299918058], "NE": [9.38545881539, 17.4191249296], "NF": [167.949216782, -29.0514609044], "NG": [8.08943894771, 9.59411452233], "NI": [-85.0305296951, 12.8470942896], "NU": [-169.869946819, -19.0494570813], "NL": [5.28144793007, 52.1007899002], "NO": [15.3483465622, 68.7501557205], "NP": [83.9158264002, 28.2489136496], "NR": [166.932568234, -0.519126389522], "NZ": [171.484923466, -41.811135569], "OM": [56.0916615483, 20.6051533257], "PK": [69.3395793748, 29.9497515031], "PA": [-80.1191515612, 8.51750797491], "PN": [-128.317042024, -24.365005346], "PE": [-74.382426851, -9.15280381329], "PH": [122.883932529, 11.7753677809], "PW": [134.408079655, 7.28742783603], "PG": [145.207447524, -6.46416646083], "PL": [19.3901283493, 52.1275956442], "PR": [-66.4730760435, 18.2281305461], "KP": [127.192479732, 40.1535031093], "PT": [-8.50104361268, 39.5955067145], "PY": [-58.400137032, -23.228239132], "PS": [35.1962870549, 31.9161389264], "PF": [-144.904943869, -14.7222740899], "QA": [51.1847963212, 25.3060118763], "RO": [24.9729303933, 45.8524312742], "RU": [96.6865611231, 61.9805220919], "RW": [29.9198851524, -1.99033831693], "EH": [-12.2198275485, 24.2295673865], "SA": [44.5368627114, 24.1224584073], "SD": [29.9404681199, 15.9903566856], "SS": [30.2479000186, 7.30877944922], "SN": [-14.4734923973, 14.3662417313], "SG": [103.81725592, 1.35876087075], "GS": [-36.4331838823, -54.4648824802], "SH": [-9.5477941587, -12.4035595078], "SB": [159.632876678, -8.92178021692], "SL": [-11.7927124668, 8.56329593038], "SV": [-88.8716446906, 13.7394374383], "SM": [12.4592233358, 43.9418674677], "SO": [45.7071448699, 4.75062876055], "PM": [-56.3031977882, 46.9191878929], "RS": [20.7895833363, 44.2215031993], "ST": [6.72429657927, 0.443914449308], "SR": [-55.9123456951, 4.1305541299], "SK": [19.4790521811, 48.7054752813], "SI": [14.8044423776, 46.1155477207], "SE": [16.7455804869, 62.7796651931], "SZ": [31.4819369011, -26.5584304502], "SX": [-63.057133627, 18.0508172793], "SC": [55.4760327912, -4.66099093522], "SY": [38.5078820425, 35.025473894], "TC": [-71.9738788144, 21.8304757171], "TD": [18.6449251291, 15.333337585], "TG": [0.962328449769, 8.52531356141],