{
  "AW": [
    12.5208803838,
    -69.9826771125
  ],
  "AF": [
    33.8352307278,
    66.0047336558
  ],
  "AO": [
    -12.2933605438,
    17.5373676815
  ],
  "AI": [
    18.2239595023,
    -63.0649892654
  ],
  "AL": [
    41.1424498947,
    20.0498339611
  ],
  "AX": [
    60.2148868756,
    19.953287676
  ],
  "AD": [
    42.5422910219,
    1.56054377918
  ],
  "AE": [
    23.9052818785,
    54.3001671016
  ],
  "AR": [
    -35.3813487953,
    -65.179806925
  ],
  "AM": [
    40.2895256919,
    44.9299327564
  ],
  "AS": [
    -14.3044599708,
    -170.718025746
  ],
  "AQ": [
    -80.5085791311,
    19.9210895122
  ],
  "-99": [
    9.73345496311,
    46.251983951
  ],
  "TF": [
    -49.2489548494,
    69.2266675845
  ],
  "AG": [
    17.2774995986,
    -61.794693427
  ],
  "AU": [
    -25.7328870417,
    134.491000082
  ],
  "AT": [
    47.585494392,
    14.1264760996
  ],
  "AZ": [
    40.2882723471,
    47.5459987892
  ],
  "BI": [
    -3.35939665747,
    29.8751215645
  ],
  "BE": [
    50.6398157556,
    4.64065113918
  ],
  "BJ": [
    9.64175970225,
    2.32785254449
  ],
  "BF": [
    12.2695384574,
    -1.75456600914
  ],
  "BD": [
    23.86731158,
    90.2381274323
  ],
  "BG": [
    42.7689031797,
    25.2155290863
  ],
  "BH": [
    26.0420513477,
    50.5419693232
  ],
  "CA": [
    61.3620632437,
    -98.3077702819
  ],
  "BS": [
    24.2903670223,
    -76.6284303802
  ],
  "BA": [
    44.1745012472,
    17.7687673323
  ],
  "BL": [
    17.8988045112,
    -62.8406777884
  ],
  "BY": [
    53.5313137685,
    28.0320930703
  ],
  "BZ": [
    17.2002750902,
    -88.7101048564
  ],
  "BM": [
    32.3136780208,
    -64.7545588982
  ],
  "BO": [
    -16.7081478725,
    -64.6853864515
  ],
  "BR": [
    -10.7877770246,
    -53.0978311267
  ],
  "BB": [
    13.1814542822,
    -59.5597970021
  ],
  "BN": [
    4.51968957503,
    114.722030354
  ],
  "BT": [
    27.4110658858,
    90.4018815525
  ],
  "BW": [
    -22.1840321328,
    23.7985336773
  ],
  "CF": [
    6.56823297048,
    20.4682683098
  ],
  "CH": [
    46.7978587836,
    8.20867470615
  ],
  "CL": [
    -37.730709893,
    -71.3825621318
  ],
  "CN": [
    36.5617654559,
    103.81907349
  ],
  "CI": [
    7.62842620235,
    -5.5692156998
  ],
  "CM": [
    5.69109848986,
    12.7396415575
  ],
  "CD": [
    -2.8774628897,
    23.643961066
  ],
  "CG": [
    -0.837874631184,
    15.2196576195
  ],
  "CK": [
    -21.2192728815,
    -159.787242185
  ],
  "CO": [
    3.91383430725,
    -73.0811458241
  ],
  "KM": [
    -11.8778344355,
    43.6825396848
  ],
  "CV": [
    15.9552332421,
    -23.9598882026
  ],
  "CR": [
    9.9763446384,
    -84.1920876775
  ],
  "CU": [
    21.6228952793,
    -79.0160538445
  ],
  "CW": [
    12.1955167546,
    -68.971193688
  ],
  "KY": [
    19.4289649722,
    -80.9121332147
  ],
  "CY": [
    34.916672112,
    33.0060021957
  ],
  "CZ": [
    49.7334123295,
    15.3124016281
  ],
  "DE": [
    51.1069818075,
    10.385780508
  ],
  "DJ": [
    11.7487180559,
    42.5606754026
  ],
  "DM": [
    15.4394702029,
    -61.3577259987
  ],
  "DK": [
    55.9812529593,
    10.0280099191
  ],
  "DO": [
    18.8943308233,
    -70.5056889612
  ],
  "DZ": [
    28.1589384945,
    2.6173230092
  ],
  "EC": [
    -1.42381612488,
    -78.752019225
  ],
  "EG": [
    26.4959331064,
    29.8619009908
  ],
  "ER": [
    15.361866184,
    38.8461701125
  ],
  "ES": [
    40.2444869811,
    -3.64755047323
  ],
  "EE": [
    58.6719297173,
    25.5424853656
  ],
  "ET": [
    8.6227867931,
    39.6008009763
  ],
  "FI": [
    64.4988460349,
    26.2746656042
  ],
  "FJ": [
    -17.4285803175,
    165.451954318
  ],
  "FK": [
    -51.7448395441,
    -59.35238956
  ],
  "FR": [
    42.1734401107,
    -2.76172944519
  ],
  "FO": [
    62.0538540321,
    -6.88095423426
  ],
  "FM": [
    7.45246813659,
    153.239437922
  ],
  "GA": [
    -0.586600249551,
    11.7886286968
  ],
  "GB": [
    54.1238715577,
    -2.86563164084
  ],
  "GE": [
    42.1685575537,
    43.50780252
  ],
  "GG": [
    49.4680976128,
    -2.57239063555
  ],
  "GH": [
    7.95345643541,
    -1.21676565807
  ],
  "GN": [
    10.4362159331,
    -10.9406661161
  ],
  "GM": [
    13.4496524352,
    -15.3960129463
  ],
  "GW": [
    12.0474494815,
    -14.9497244459
  ],
  "GQ": [
    1.70555135464,
    10.3413792389
  ],
  "GR": [
    39.0746962307,
    22.9555579369
  ],
  "GD": [
    12.1172504395,
    -61.6822018889
  ],
  "GL": [
    74.7105128864,
    -41.34191127
  ],
  "GT": [
    15.694036635,
    -90.3648200858
  ],
  "GU": [
    13.441656257,
    144.76791022
  ],
  "GY": [
    4.79378034012,
    -58.9820245893
  ],
  "HK": [
    22.3982773723,
    114.113804542
  ],
  "HM": [
    -53.0872465618,
    73.5205171004
  ],
  "HN": [
    14.8268816519,
    -86.6151660963
  ],
  "HR": [
    45.0804763057,
    16.404128994
  ],
  "HT": [
    18.9350256343,
    -72.6852750899
  ],
  "HU": [
    47.1627750614,
    19.3955911607
  ],
  "ID": [
    -2.21505456346,
    117.240113662
  ],
  "IM": [
    54.2241891077,
    -4.53873952326
  ],
  "IN": [
    22.8857821183,
    79.6119761026
  ],
  "IO": [
    -7.33059750749,
    72.4454122854
  ],
  "IE": [
    53.175448704,
    -8.13793568667
  ],
  "IR": [
    32.575032915,
    54.2740700448
  ],
  "IQ": [
    33.0397058232,
    43.7435314888
  ],
  "IS": [
    64.9957538607,
    -18.5739616708
  ],
  "IL": [
    31.4611010118,
    35.0044469277
  ],
  "IT": [
    42.796626414,
    12.0700133907
  ],
  "JM": [
    18.1569487765,
    -77.3148259327
  ],
  "JE": [
    49.2183737668,
    -2.12689937944
  ],
  "JO": [
    31.2457909121,
    36.7713610402
  ],
  "JP": [
    37.592301353,
    138.030895577
  ],
  "KZ": [
    48.1568806661,
    67.2914935687
  ],
  "KE": [
    0.599880215445,
    37.7959397293
  ],
  "KG": [
    41.4622194346,
    74.5416551329
  ],
  "KH": [
    12.7200478567,
    104.906943249
  ],
  "KI": [
    0.86001503171,
    -45.6111051329
  ],
  "KN": [
    17.2645995047,
    -62.6875526496
  ],
  "KR": [
    36.3852398347,
    127.839160864
  ],
  "KW": [
    29.3343126157,
    47.5870045889
  ],
  "LA": [
    18.5021743316,
    103.73772412
  ],
  "LB": [
    33.9230663057,
    35.880160715
  ],
  "LR": [
    6.45278491657,
    -9.3220757269
  ],
  "LY": [
    27.0309449491,
    18.0086616872
  ],
  "LC": [
    13.8947948145,
    -60.9696992253
  ],
  "LI": [
    47.1366583545,
    9.53574311779
  ],
  "LK": [
    7.61266509224,
    80.7010823782
  ],
  "LS": [
    -29.5800318833,
    28.2272313098
  ],
  "LT": [
    55.3261098445,
    23.8871935548
  ],
  "LU": [
    49.7672536068,
    6.07182201066
  ],
  "LV": [
    56.8508516268,
    24.9123598332
  ],
  "MO": [
    22.2231168835,
    113.509321162
  ],
  "MF": [
    18.0888861095,
    -63.0597285144
  ],
  "MA": [
    29.8376295469,
    -8.45615794798
  ],
  "MC": [
    43.7527462672,
    7.40627676856
  ],
  "MD": [
    47.1949880442,
    28.4567337241
  ],
  "MG": [
    -19.3718958677,
    46.7047367428
  ],
  "MV": [
    3.72870919988,
    73.4571300419
  ],
  "MX": [
    23.9475372406,
    -102.523451692
  ],
  "MH": [
    7.00376358315,
    170.339761224
  ],
  "MK": [
    41.5953089336,
    21.6821134607
  ],
  "ML": [
    17.3458158135,
    -3.54269064851
  ],
  "MT": [
    35.9214963221,
    14.4052331643
  ],
  "MM": [
    21.1856659927,
    96.4884332104
  ],
  "ME": [
    42.7889025929,
    19.2388393925
  ],
  "MN": [
    46.8268154394,
    103.052997649
  ],
  "MP": [
    15.8292756277,
    145.619696513
  ],
  "MZ": [
    -17.2738164259,
    35.5336754259
  ],
  "MR": [
    20.257367056,
    -10.3477981455
  ],
  "MS": [
    16.7394140553,
    -62.1851854562
  ],
  "MU": [
    -20.2776870433,
    57.5712055061
  ],
  "MW": [
    -13.2180808806,
    34.2893559871
  ],
  "MY": [
    3.78986845571,
    109.697622843
  ],
  "NA": [
    -22.1303256842,
    17.209635667
  ],
  "NC": [
    -21.299918058,
    165.684923735
  ],